Date, Revenue 
2016-05-01," $4,051.56 "
2016-05-02," $7,635.20 "
2016-05-03," $7,432.90 "
2016-05-04," $7,920.98 "
2016-05-05," $4,959.94 "
2016-05-06," $4,350.22 "
2016-05-07," $3,308.50 "
2016-05-08," $3,557.75 "
2016-05-09," $9,490.01 "
2016-05-10," $5,324.63 "
2016-05-11," $4,197.50 "
2016-05-12," $5,997.56 "
2016-05-13," $5,052.20 "
2016-05-14," $3,441.75 "
2016-05-15," $2,967.90 "
2016-05-16," $11,421.16 "
2016-05-17," $8,929.96 "
2016-05-18," $4,922.27 "
2016-05-19," $2,503.50 "
2016-05-20," $5,931.10 "
2016-05-21, $181.32 
2016-05-22," $3,244.68 "
2016-05-23," $8,250.54 "
2016-05-24," $2,978.97 "
2016-05-25," $4,191.06 "
2016-05-26," $1,859.95 "
2016-05-27," $2,858.00 "
2016-05-28," $2,126.44 "
2016-05-29," $2,527.25 "
2016-05-30," $3,214.69 "
2016-05-31," $8,335.28 "
2016-06-01," $5,462.81 "
2016-06-02," $3,531.81 "
2016-06-03," $4,164.25 "
2016-06-04, $991.94 
2016-06-05," $3,268.40 "
2016-06-06," $6,636.89 "
2016-06-07," $9,507.80 "
2016-06-08," $4,524.00 "
2016-06-09," $3,172.20 "
2016-06-10," $1,909.55 "
2016-06-11," $2,960.25 "
2016-06-12," $2,269.24 "
2016-06-13," $6,548.42 "
2016-06-14," $6,610.28 "
2016-06-15," $6,086.11 "
2016-06-16," $6,126.16 "
2016-06-17," $6,341.78 "
2016-06-18," $2,297.49 "
2016-06-19," $4,454.25 "
2016-06-20," $8,220.79 "
2016-06-21," $6,064.45 "
2016-06-22," $5,644.68 "
2016-06-23," $4,803.77 "
2016-06-24," $5,737.19 "
2016-06-25," $1,642.16 "
2016-06-26," $3,772.53 "
2016-06-27," $9,505.65 "
2016-06-28," $7,392.85 "
2016-06-29," $8,216.83 "
2016-06-30," $8,442.60 "
2016-07-01," $5,045.63 "
2016-07-02," $2,783.40 "
2016-07-03," $2,022.74 "
2016-07-04," $1,625.15 "
2016-07-05," $5,811.39 "
2016-07-06," $3,835.68 "
2016-07-07," $7,771.63 "
2016-07-08," $7,625.06 "
2016-07-09," $1,954.50 "
2016-07-10," $4,759.52 "
2016-07-11," $6,048.00 "
2016-07-12," $7,166.25 "
2016-07-13," $14,785.79 "
2016-07-14," $9,417.22 "
2016-07-15," $5,124.80 "
2016-07-16," $1,024.25 "
2016-07-17," $1,833.25 "
2016-07-18," $4,985.81 "
2016-07-19," $6,927.70 "
2016-07-20," $4,394.47 "
2016-07-21," $6,095.25 "
2016-07-22," $2,520.82 "
2016-07-23, $704.35 
2016-07-24," $1,815.25 "
2016-07-25," $10,539.93 "
2016-07-26," $5,950.44 "
2016-07-27," $5,511.63 "
2016-07-28," $3,356.63 "
2016-07-29," $5,362.99 "
2016-07-30, $205.25 
2016-07-31," $3,314.30 "
2016-08-01," $7,143.10 "
2016-08-02," $3,052.09 "
2016-08-03," $2,304.85 "
2016-08-04," $5,967.63 "
2016-08-05," $3,590.25 "
2016-08-06," $7,872.63 "
2016-08-07," $5,248.33 "
2016-08-08," $6,523.85 "
2016-08-09," $8,545.48 "
2016-08-10," $7,069.18 "
2016-08-11," $3,412.96 "
2016-08-12," $11,103.27 "
2016-08-13," $6,289.56 "
2016-08-14," $4,874.95 "
2016-08-15," $8,745.11 "
2016-08-16," $9,323.03 "
2016-08-17," $4,494.00 "
2016-08-18," $16,791.92 "
2016-08-19," $5,274.44 "
2016-08-20," $1,438.00 "
2016-08-21," $1,534.25 "
2016-08-22," $10,616.67 "
2016-08-23," $11,483.48 "
2016-08-24," $17,139.31 "
2016-08-25," $4,288.39 "
2016-08-26," $8,840.10 "
2016-08-27," $3,437.21 "
2016-08-28," $5,802.34 "
2016-08-29," $15,845.28 "
2016-08-30," $5,875.21 "
2016-08-31," $2,800.85 "
2016-09-01," $6,152.30 "
2016-09-02," $8,667.20 "
2016-09-03," $3,694.94 "
2016-09-04," $3,269.65 "
2016-09-05," $4,896.85 "
2016-09-06," $14,047.54 "
2016-09-07," $12,684.06 "
2016-09-08," $4,910.47 "
2016-09-09," $15,925.27 "
2016-09-10," $4,623.60 "
2016-09-11," $6,014.56 "
2016-09-12," $13,295.91 "
2016-09-13," $10,134.00 "
2016-09-14," $7,165.56 "
2016-09-15," $5,987.25 "
2016-09-16," $7,437.73 "
2016-09-17," $1,273.75 "
2016-09-18," $2,736.75 "
2016-09-19," $10,037.48 "
2016-09-20," $9,620.86 "
2016-09-21," $8,096.61 "
2016-09-22," $7,279.00 "
2016-09-23," $3,750.49 "
2016-09-24, $784.70 
2016-09-25," $1,543.25 "
2016-09-26," $11,720.67 "
2016-09-27," $6,600.49 "
2016-09-28," $10,714.29 "
2016-09-29," $5,772.75 "
2016-09-30," $3,307.50 "
2016-10-01," $3,091.45 "
2016-10-02," $2,319.01 "
2016-10-03," $7,322.05 "
2016-10-04," $6,432.90 "
2016-10-05," $14,337.45 "
2016-10-06," $5,511.00 "
2016-10-07," $6,489.73 "
2016-10-08," $3,517.50 "
2016-10-09," $4,252.96 "
2016-10-10," $12,302.47 "
2016-10-11," $5,588.45 "
2016-10-12," $11,210.73 "
2016-10-13," $3,085.93 "
2016-10-14," $3,212.10 "
2016-10-15," $2,876.95 "
2016-10-16," $2,859.75 "
2016-10-17," $6,187.25 "
2016-10-18," $5,752.31 "
2016-10-19," $11,257.03 "
2016-10-20," $3,994.18 "
2016-10-21," $2,606.02 "
2016-10-22, $79.50 
2016-10-23," $2,826.00 "
2016-10-24," $4,414.55 "
2016-10-25," $5,674.49 "
2016-10-26," $5,335.13 "
2016-10-27," $4,409.99 "
2016-10-28," $3,993.07 "
2016-10-29, $92.25 
2016-10-30, $929.30 
2016-10-31," $6,103.53 "
2016-11-01," $5,310.93 "
2016-11-02," $3,180.75 "
2016-11-03," $3,142.03 "
2016-11-04," $3,472.63 "
2016-11-05, $801.00 
2016-11-06, $576.90 
2016-11-07," $2,570.00 "
2016-11-08," $4,962.75 "
2016-11-09," $2,809.75 "
2016-11-10," $2,720.79 "
2016-11-11," $3,783.71 "
2016-11-12," $2,277.19 "
2016-11-13, $221.75 
2016-11-14," $3,582.50 "
2016-11-15, $273.00 
2016-11-16," $4,579.90 "
2016-11-17," $7,671.55 "
2016-11-18," $5,117.27 "
2016-11-19," $2,263.38 "
2016-11-20," $1,284.10 "
2016-11-21," $3,262.75 "
2016-11-22," $3,356.80 "
2016-11-23," $5,389.50 "
2016-11-24," $5,520.67 "
2016-11-25," $16,919.45 "
2016-11-26," $6,181.26 "
2016-11-27," $10,096.76 "
2016-11-28," $29,002.92 "
2016-11-29," $7,408.63 "
2016-11-30," $5,777.21 "
2016-12-01," $5,461.05 "
2016-12-02," $3,756.78 "
2016-12-03," $3,222.42 "
2016-12-04," $2,876.60 "
2016-12-05," $3,940.18 "
2016-12-06," $11,884.84 "
2016-12-07," $6,743.94 "
2016-12-08," $6,253.17 "
2016-12-09," $10,313.50 "
2016-12-10," $3,766.75 "
2016-12-11," $8,144.53 "
2016-12-12," $9,576.03 "
2016-12-13," $5,797.55 "
2016-12-14," $10,445.64 "
2016-12-15," $5,018.91 "
2016-12-16," $8,990.93 "
2016-12-17," $2,526.74 "
2016-12-18," $1,915.50 "
2016-12-19," $4,862.74 "
2016-12-20," $2,215.75 "
2016-12-21," $2,451.90 "
2016-12-22," $4,063.30 "
2016-12-23," $1,276.00 "
2016-12-24, $593.75 
2016-12-25, $980.09 
2016-12-26," $1,469.75 "
2016-12-27," $4,358.62 "
2016-12-28," $1,535.50 "
2016-12-29, $666.60 
2016-12-30, $507.75 
2016-12-31, $212.25 
2017-01-01," $1,825.05 "
2017-01-02," $1,721.30 "
2017-01-03," $2,513.20 "
2017-01-04," $1,827.30 "
2017-01-05," $8,363.70 "
2017-01-06," $4,030.64 "
2017-01-07," $1,165.25 "
2017-01-08," $1,028.50 "
2017-01-09," $4,807.09 "
2017-01-10, $754.65 
2017-01-11," $1,650.50 "
2017-01-12," $2,666.25 "
2017-01-13," $2,421.25 "
2017-01-14, $752.25 
2017-01-15, $972.60 
2017-01-16," $1,204.25 "
2017-01-17," $3,137.82 "
2017-01-18," $2,926.77 "
2017-01-19," $5,739.40 "
2017-01-20," $1,525.50 "
2017-01-21, $686.00 
2017-01-22," $2,276.00 "
2017-01-23," $2,179.81 "
2017-01-24," $1,210.80 "
2017-01-25," $7,328.98 "
2017-01-26," $1,876.95 "
2017-01-27," $7,075.69 "
2017-01-28," $1,420.27 "
2017-01-29," $1,077.70 "
2017-01-30," $1,441.14 "
2017-01-31," $2,169.25 "
2017-02-01," $4,007.71 "
2017-02-02," $1,462.00 "
2017-02-03," $3,991.00 "
2017-02-04," $1,486.31 "
2017-02-05, $704.50 
2017-02-06," $5,369.11 "
2017-02-07," $5,032.69 "
2017-02-08," $3,084.75 "
2017-02-09," $4,354.95 "
2017-02-10," $5,096.70 "
2017-02-11, $476.00 
2017-02-12," $1,237.00 "
2017-02-13," $12,402.52 "
2017-02-14," $9,596.58 "
2017-02-15," $11,382.80 "
2017-02-16," $1,910.81 "
2017-02-17," $4,933.95 "
2017-02-18," $2,431.25 "
2017-02-19," $1,471.00 "
2017-02-20," $3,684.58 "
2017-02-21," $11,077.51 "
2017-02-22," $6,345.25 "
2017-02-23," $4,085.77 "
2017-02-24," $2,460.25 "
2017-02-25," $7,709.90 "
2017-02-26," $4,658.99 "
2017-02-27," $6,573.53 "
2017-02-28," $7,440.84 "
2017-03-01," $8,767.39 "
2017-03-02," $11,272.34 "
2017-03-03," $8,426.08 "
2017-03-04," $2,927.50 "
2017-03-05," $2,630.60 "
2017-03-06," $10,638.93 "
2017-03-07," $10,122.69 "
2017-03-08," $10,699.76 "
2017-03-09," $4,708.44 "
2017-03-10," $7,584.81 "
2017-03-11," $1,741.15 "
2017-03-12," $1,650.25 "
2017-03-13," $5,451.41 "
2017-03-14," $3,694.28 "
2017-03-15," $4,226.15 "
2017-03-16," $4,995.90 "
2017-03-17," $9,141.37 "
2017-03-18," $2,339.28 "
2017-03-19," $3,986.84 "
2017-03-20," $12,522.99 "
2017-03-21," $16,187.75 "
2017-03-22," $7,963.16 "
2017-03-23," $10,462.20 "
2017-03-24," $9,369.39 "
2017-03-25," $3,860.64 "
2017-03-26," $8,001.57 "
2017-03-27," $5,353.25 "
2017-03-28," $8,114.33 "
2017-03-29," $13,227.68 "
2017-03-30," $9,368.19 "
2017-03-31," $6,752.91 "
2017-04-01," $2,898.25 "
2017-04-02," $2,898.50 "
2017-04-03," $20,787.59 "
2017-04-04," $10,358.62 "
2017-04-05," $19,076.47 "
2017-04-06," $10,459.38 "
2017-04-07," $3,393.72 "
2017-04-08," $2,939.90 "
2017-04-09," $7,211.57 "
2017-04-10," $5,328.06 "
2017-04-11," $12,395.07 "
2017-04-12," $12,336.88 "
2017-04-13," $11,204.95 "
2017-04-14," $4,825.27 "
2017-04-15," $3,804.45 "
2017-04-16," $3,585.18 "
2017-04-17," $9,630.62 "
2017-04-18," $12,331.59 "
2017-04-19," $8,616.69 "
2017-04-20," $11,086.56 "
2017-04-21," $8,408.65 "
2017-04-22," $3,315.25 "
2017-04-23," $6,620.75 "
2017-04-24," $9,800.24 "
2017-04-25," $9,086.80 "
2017-04-26," $9,680.32 "
2017-04-27," $12,063.89 "
2017-04-28," $12,188.11 "
2017-04-29," $1,646.00 "
2017-04-30," $4,178.10 "
2017-05-01," $9,800.95 "
2017-05-02," $11,496.79 "
2017-05-03," $16,266.68 "
2017-05-04," $6,329.04 "
2017-05-05," $4,006.14 "
2017-05-06," $2,455.50 "
2017-05-07," $6,102.21 "
2017-05-08," $8,520.08 "
2017-05-09," $6,219.90 "
2017-05-10," $10,522.69 "
2017-05-11," $6,370.34 "
2017-05-12," $5,816.97 "
2017-05-13," $5,321.05 "
2017-05-14," $3,951.24 "
2017-05-15," $10,828.66 "
2017-05-16," $6,661.74 "
2017-05-17," $8,721.01 "
2017-05-18," $5,142.42 "
2017-05-19," $4,829.88 "
2017-05-20," $1,729.81 "
2017-05-21," $3,835.88 "
2017-05-22," $6,817.93 "
2017-05-23," $8,734.48 "
2017-05-24," $6,998.82 "
2017-05-25," $6,248.85 "
2017-05-26," $2,706.89 "
2017-05-27," $2,231.45 "
2017-05-28," $2,416.70 "
2017-05-29," $2,200.90 "
2017-05-30," $5,522.05 "
2017-05-31," $7,822.18 "
2017-06-01," $6,599.04 "
2017-06-02," $6,840.11 "
2017-06-03," $1,886.77 "
2017-06-04," $3,419.80 "
2017-06-05," $4,630.24 "
2017-06-06," $6,922.80 "
2017-06-07," $11,676.46 "
2017-06-08," $6,168.53 "
2017-06-09," $7,778.73 "
2017-06-10," $1,325.52 "
2017-06-11," $3,036.50 "
2017-06-12," $6,754.84 "
2017-06-13," $3,595.02 "
2017-06-14," $10,285.84 "
2017-06-15," $8,378.54 "
2017-06-16," $14,308.36 "
2017-06-17," $2,982.11 "
2017-06-18," $4,062.70 "
2017-06-19," $5,000.88 "
2017-06-20," $7,984.75 "
2017-06-21," $9,064.25 "
2017-06-22," $3,792.20 "
2017-06-23," $11,750.63 "
2017-06-24," $1,100.65 "
2017-06-25," $2,017.95 "
2017-06-26," $6,244.43 "
2017-06-27," $5,033.46 "
2017-06-28," $3,597.55 "
2017-06-29," $7,309.21 "
2017-06-30," $4,704.15 "
2017-07-01," $4,414.58 "
2017-07-02," $2,397.33 "
2017-07-03," $2,704.96 "
2017-07-04," $3,716.88 "
2017-07-05," $8,237.21 "
2017-07-06," $4,572.23 "
2017-07-07," $3,311.13 "
2017-07-08," $2,941.28 "
2017-07-09," $1,807.96 "
2017-07-10," $6,230.12 "
2017-07-11," $5,438.86 "
2017-07-12," $5,306.39 "
2017-07-13," $3,276.90 "
2017-07-14," $3,644.52 "
2017-07-15," $1,002.80 "
2017-07-16," $1,968.58 "
2017-07-17," $7,201.93 "
2017-07-18," $6,835.00 "
2017-07-19," $5,570.44 "
2017-07-20," $3,382.85 "
2017-07-21," $1,830.59 "
2017-07-22," $2,048.80 "
2017-07-23," $5,895.05 "
2017-07-24," $4,545.46 "
2017-07-25," $2,932.65 "
2017-07-26," $7,180.90 "
2017-07-27," $4,853.30 "
2017-07-28," $3,263.49 "
2017-07-29," $1,812.35 "
2017-07-30," $1,658.10 "
2017-07-31," $4,237.15 "
2017-08-01," $7,258.48 "
2017-08-02," $6,717.48 "
2017-08-03," $5,766.40 "
2017-08-04," $3,472.15 "
2017-08-05," $2,426.11 "
2017-08-06," $1,973.40 "
2017-08-07," $4,806.78 "
2017-08-08," $5,638.39 "
2017-08-09," $11,554.59 "
2017-08-10," $11,346.70 "
2017-08-11," $5,228.30 "
2017-08-12," $3,783.18 "
2017-08-13," $2,714.00 "
2017-08-14," $8,523.25 "
2017-08-15," $6,496.40 "
2017-08-16," $5,857.18 "
2017-08-17," $4,117.30 "
2017-08-18," $4,322.59 "
2017-08-19," $7,892.05 "
2017-08-20," $2,223.75 "
2017-08-21," $6,326.34 "
2017-08-22," $8,439.15 "
2017-08-23," $7,881.49 "
2017-08-24," $12,221.61 "
2017-08-25," $8,356.51 "
2017-08-26," $3,200.10 "
2017-08-27," $2,893.14 "
2017-08-28," $15,586.14 "
2017-08-29," $7,862.03 "
2017-08-30," $7,988.08 "
2017-08-31," $18,211.07 "
2017-09-01," $11,645.99 "
2017-09-02," $4,953.38 "
2017-09-03," $3,874.21 "
2017-09-04," $4,798.95 "
2017-09-05," $9,579.42 "
2017-09-06," $12,267.82 "
2017-09-07," $12,108.10 "
2017-09-08," $10,999.35 "
2017-09-09," $3,709.72 "
2017-09-10," $6,221.28 "
2017-09-11," $22,615.29 "
2017-09-12," $14,395.78 "
2017-09-13," $10,616.52 "
2017-09-14," $11,176.05 "
2017-09-15," $8,697.48 "
2017-09-16," $3,191.34 "
2017-09-17," $2,952.60 "
2017-09-18," $19,428.36 "
2017-09-19," $9,744.41 "
2017-09-20," $11,918.92 "
2017-09-21," $9,519.15 "
2017-09-22," $7,929.57 "
2017-09-23," $1,178.04 "
2017-09-24," $3,515.68 "
2017-09-25," $16,898.53 "
2017-09-26," $7,258.26 "
2017-09-27," $6,436.34 "
2017-09-28," $17,953.73 "
2017-09-29," $5,574.00 "
2017-09-30," $2,427.85 "
2017-10-01," $3,124.16 "
2017-10-02," $5,531.83 "
2017-10-03," $6,642.20 "
2017-10-04," $7,276.07 "
2017-10-05," $9,269.65 "
2017-10-06," $10,093.48 "
2017-10-07," $2,635.50 "
2017-10-08," $2,572.19 "
2017-10-09," $12,030.65 "
2017-10-10," $6,028.15 "
2017-10-11," $8,675.42 "
2017-10-12," $5,179.77 "
2017-10-13," $3,412.15 "
2017-10-14," $4,201.75 "
2017-10-15, $800.40 
2017-10-16," $3,261.71 "
2017-10-17," $5,221.01 "
2017-10-18," $6,914.74 "
2017-10-19," $5,338.76 "
2017-10-20," $3,361.90 "
2017-10-21," $1,883.50 "
2017-10-22," $5,870.04 "
2017-10-23," $6,917.70 "
2017-10-24," $5,121.04 "
2017-10-25," $9,363.18 "
2017-10-26," $5,083.83 "
2017-10-27," $4,261.56 "
2017-10-28," $1,056.76 "
2017-10-29," $2,028.53 "
2017-10-30," $4,010.96 "
2017-10-31," $3,729.62 "
2017-11-01," $5,800.25 "
2017-11-02," $4,155.00 "
2017-11-03," $7,137.80 "
2017-11-04," $5,821.85 "
2017-11-05," $2,834.26 "
2017-11-06," $2,884.65 "
2017-11-07," $6,344.20 "
2017-11-08," $5,232.13 "
2017-11-09," $3,625.70 "
2017-11-10," $1,524.10 "
2017-11-11, $-   
2017-11-12," $1,955.85 "
2017-11-13," $3,249.90 "
2017-11-14," $4,517.05 "
2017-11-15," $8,349.78 "
2017-11-16," $1,615.89 "
2017-11-17," $3,707.00 "
2017-11-18," $1,470.88 "
2017-11-19, $768.93 
2017-11-20," $5,226.87 "
2017-11-21," $5,664.00 "
2017-11-22," $13,391.05 "
2017-11-23," $24,109.56 "
2017-11-24," $29,640.96 "
2017-11-25," $16,060.73 "
2017-11-26," $14,134.23 "
2017-11-27," $28,073.50 "
2017-11-28," $6,067.78 "
2017-11-29," $5,946.05 "
2017-11-30," $4,038.65 "
2017-12-01," $3,143.60 "
2017-12-02," $4,029.30 "
2017-12-03," $3,641.74 "
2017-12-04," $2,368.61 "
2017-12-05," $6,489.70 "
2017-12-06," $3,989.50 "
2017-12-07," $8,044.73 "
2017-12-08," $6,415.25 "
2017-12-09," $6,209.78 "
2017-12-10," $4,383.29 "
2017-12-11," $5,040.94 "
2017-12-12," $8,440.48 "
2017-12-13," $4,460.65 "
2017-12-14," $7,719.50 "
2017-12-15," $3,140.26 "
2017-12-16," $6,109.69 "
2017-12-17," $3,855.51 "
2017-12-18," $4,228.61 "
2017-12-19," $2,908.15 "
2017-12-20," $2,816.46 "
2017-12-21," $4,192.10 "
2017-12-22," $3,338.25 "
2017-12-23," $1,535.75 "
2017-12-24, $234.00 
2017-12-25," $1,008.50 "
2017-12-26," $1,395.00 "
2017-12-27," $1,131.75 "
2017-12-28," $2,181.85 "
2017-12-29," $1,429.95 "
2017-12-30, $530.65 
2017-12-31," $1,559.25 "
2018-01-01," $1,290.50 "
2018-01-02," $3,026.95 "
2018-01-03," $6,003.18 "
2018-01-04," $1,137.56 "
2018-01-05," $3,439.10 "
2018-01-06, $79.35 
2018-01-07," $1,084.25 "
2018-01-08," $1,753.30 "
2018-01-09, $954.26 
2018-01-10," $2,074.90 "
2018-01-11," $5,253.10 "
2018-01-12," $1,210.50 "
2018-01-13," $2,204.95 "
2018-01-14, $27.50 
2018-01-15," $1,424.10 "
2018-01-16," $3,852.90 "
2018-01-17," $1,331.15 "
2018-01-18," $5,895.35 "
2018-01-19," $2,737.86 "
2018-01-20," $4,631.00 "
2018-01-21," $1,885.15 "
2018-01-22," $6,206.00 "
2018-01-23," $6,766.43 "
2018-01-24," $3,979.91 "
2018-01-25," $3,505.05 "
2018-01-26," $1,730.08 "
2018-01-27," $3,538.20 "
2018-01-28," $1,788.20 "
2018-01-29," $2,970.38 "
2018-01-30," $3,348.75 "
2018-01-31," $2,751.13 "
2018-02-01," $4,448.45 "
2018-02-02," $2,776.39 "
2018-02-03," $1,960.33 "
2018-02-04," $3,041.70 "
2018-02-05," $6,172.07 "
2018-02-06," $6,150.85 "
2018-02-07," $3,387.92 "
2018-02-08," $1,901.30 "
2018-02-09," $8,596.10 "
2018-02-10," $2,776.80 "
2018-02-11," $2,180.69 "
2018-02-12," $3,966.53 "
2018-02-13," $4,518.61 "
2018-02-14," $10,870.16 "
2018-02-15," $5,401.26 "
2018-02-16," $6,666.00 "
2018-02-17," $3,145.14 "
2018-02-18," $3,615.33 "
2018-02-19," $4,718.05 "
2018-02-20," $9,719.53 "
2018-02-21," $9,711.43 "
2018-02-22," $6,731.09 "
2018-02-23," $5,755.17 "
2018-02-24, $929.90 
2018-02-25," $7,357.15 "
2018-02-26," $10,076.29 "
2018-02-27," $12,270.37 "
2018-02-28," $8,838.25 "
2018-03-01," $3,456.76 "
2018-03-02," $9,240.64 "
2018-03-03," $4,700.35 "
2018-03-04," $2,618.20 "
2018-03-05," $9,247.85 "
2018-03-06," $8,574.00 "
2018-03-07," $11,330.15 "
2018-03-08," $6,435.61 "
2018-03-09," $9,200.23 "
2018-03-10," $2,701.48 "
2018-03-11," $3,839.75 "
2018-03-12," $17,994.17 "
2018-03-13," $6,184.15 "
2018-03-14," $8,440.67 "
2018-03-15," $11,495.46 "
2018-03-16," $6,575.18 "
2018-03-17," $3,203.60 "
2018-03-18," $2,484.16 "
2018-03-19," $14,036.43 "
2018-03-20," $7,841.26 "
2018-03-21," $7,590.59 "
2018-03-22," $7,018.70 "
2018-03-23," $4,855.20 "
2018-03-24," $2,180.40 "
2018-03-25," $3,870.23 "
2018-03-26," $5,773.76 "
2018-03-27," $12,432.49 "
2018-03-28," $7,977.26 "
2018-03-29," $6,339.41 "
2018-03-30," $8,984.95 "
2018-03-31," $2,197.08 "
2018-04-01," $2,369.03 "
2018-04-02," $11,004.58 "
2018-04-03," $15,330.76 "
2018-04-04," $4,977.55 "
2018-04-05," $9,175.14 "
2018-04-06," $6,116.30 "
2018-04-07," $5,365.39 "
2018-04-08," $5,403.95 "
2018-04-09," $13,366.75 "
2018-04-10," $18,493.94 "
2018-04-11," $10,188.36 "
2018-04-12," $3,747.95 "
2018-04-13," $6,564.72 "
2018-04-14," $2,259.70 "
2018-04-15," $12,895.96 "
2018-04-16," $16,322.85 "
2018-04-17," $9,384.15 "
2018-04-18," $12,202.34 "
2018-04-19," $7,256.23 "
2018-04-20," $9,738.15 "
2018-04-21," $8,328.35 "
2018-04-22," $3,275.78 "
2018-04-23," $20,855.56 "
2018-04-24," $7,810.75 "
2018-04-25," $6,697.67 "
2018-04-26," $6,815.77 "
2018-04-27," $6,212.34 "
2018-04-28," $2,897.39 "
2018-04-29," $6,088.76 "
2018-04-30," $20,397.33 "
2018-05-01," $18,052.24 "
2018-05-02," $8,486.91 "
2018-05-03," $4,588.73 "
2018-05-04," $8,027.41 "
2018-05-05," $3,133.87 "
2018-05-06," $2,717.35 "
2018-05-07," $7,619.28 "
2018-05-08," $8,916.58 "
2018-05-09," $21,832.71 "
2018-05-10," $7,317.76 "
2018-05-11," $6,452.50 "
2018-05-12," $5,086.25 "
2018-05-13," $9,065.58 "
2018-05-14," $6,455.87 "
2018-05-15," $9,530.04 "
2018-05-16," $7,768.15 "
2018-05-17," $4,151.89 "
2018-05-18," $5,892.30 "
2018-05-19," $1,774.11 "
2018-05-20," $4,087.04 "
2018-05-21," $7,316.26 "
2018-05-22," $4,685.55 "
2018-05-23," $4,714.21 "
2018-05-24," $5,158.81 "
2018-05-25," $2,824.82 "
2018-05-26, $971.85 
2018-05-27," $3,217.31 "
2018-05-28," $6,217.77 "
2018-05-29," $5,212.51 "
2018-05-30," $1,701.00 "
2018-05-31," $4,767.18 "
2018-06-01," $8,850.07 "
2018-06-02," $3,698.04 "
2018-06-03," $1,875.29 "
2018-06-04," $6,158.78 "
2018-06-05," $6,466.81 "
2018-06-06," $8,594.36 "
2018-06-07," $4,295.37 "
2018-06-08," $6,996.59 "
2018-06-09," $1,782.70 "
2018-06-10," $2,011.65 "
2018-06-11," $8,222.28 "
2018-06-12," $8,481.51 "
2018-06-13," $6,716.75 "
2018-06-14," $7,459.81 "
2018-06-15," $3,853.79 "
2018-06-16," $7,003.61 "
2018-06-17, $912.65 
2018-06-18," $6,814.67 "
2018-06-19, $-   
2018-06-20," $4,776.35 "
2018-06-21," $6,875.93 "
2018-06-22," $4,170.05 "
2018-06-23," $3,798.58 "
2018-06-24," $1,805.45 "
2018-06-25," $12,346.54 "
2018-06-26," $5,380.04 "
2018-06-27," $5,367.29 "
2018-06-28," $10,836.66 "
2018-06-29," $3,209.88 "
2018-06-30," $1,501.53 "
2018-07-01," $2,717.25 "
2018-07-02," $8,555.65 "
2018-07-03," $5,964.53 "
2018-07-04," $3,842.74 "
2018-07-05, $-   
2018-07-06," $4,929.45 "
2018-07-07," $2,489.80 "
2018-07-08," $1,831.96 "
2018-07-09," $10,290.66 "
2018-07-10," $4,870.79 "
2018-07-11, $-   
2018-07-12," $12,067.35 "
2018-07-13," $4,404.70 "
2018-07-14," $5,606.16 "
2018-07-15," $2,453.50 "
2018-07-16," $10,117.42 "
2018-07-17," $8,904.62 "
2018-07-18," $8,314.46 "
2018-07-19," $3,833.07 "
2018-07-20," $7,098.55 "
2018-07-21," $2,021.52 "
2018-07-22," $3,032.25 "
2018-07-23," $15,508.73 "
2018-07-24," $8,019.79 "
2018-07-25," $3,491.65 "
2018-07-26," $15,132.09 "
2018-07-27," $6,843.55 "
2018-07-28," $1,876.15 "
2018-07-29," $3,490.96 "
2018-07-30," $9,227.83 "
2018-07-31," $7,044.87 "
2018-08-01," $11,742.09 "
2018-08-02," $11,510.04 "
2018-08-03," $5,361.38 "
2018-08-04," $4,150.54 "
2018-08-05," $3,348.58 "
2018-08-06," $9,216.51 "
2018-08-07," $5,738.06 "
2018-08-08," $4,985.43 "
2018-08-09," $3,468.67 "
2018-08-10," $10,038.74 "
2018-08-11," $2,605.90 "
2018-08-12," $2,444.29 "
2018-08-13," $7,324.64 "
2018-08-14," $7,462.19 "
2018-08-15, $-   
2018-08-16," $23,680.84 "
2018-08-17," $3,957.84 "
2018-08-18," $7,455.91 "
2018-08-19," $4,708.29 "
2018-08-20," $8,115.23 "
2018-08-21," $5,645.40 "
2018-08-22," $10,933.00 "
2018-08-23," $7,617.19 "
2018-08-24," $10,598.00 "
2018-08-25," $2,935.85 "
2018-08-26," $4,253.45 "
2018-08-27," $12,016.09 "
2018-08-28," $12,724.59 "
2018-08-29," $8,001.79 "
2018-08-30," $5,431.90 "
2018-08-31," $7,032.98 "
2018-09-01," $6,312.72 "
2018-09-02," $3,218.59 "
2018-09-03," $6,990.72 "
2018-09-04," $10,946.42 "
2018-09-05," $15,257.33 "
2018-09-06," $10,618.46 "
2018-09-07," $8,102.65 "
2018-09-08," $3,219.84 "
2018-09-09," $4,721.90 "
2018-09-10," $13,197.35 "
2018-09-11," $13,610.44 "
2018-09-12," $13,943.86 "
2018-09-13," $8,952.87 "
2018-09-14," $8,925.81 "
2018-09-15," $7,247.50 "
2018-09-16," $5,965.17 "
2018-09-17," $13,587.05 "
2018-09-18," $16,532.45 "
2018-09-19," $11,688.95 "
2018-09-20," $13,642.97 "
2018-09-21," $6,662.87 "
2018-09-22," $3,896.49 "
2018-09-23," $3,424.21 "
2018-09-24," $9,895.37 "
2018-09-25," $12,154.01 "
2018-09-26," $11,751.65 "
2018-09-27," $10,411.46 "
2018-09-28," $5,891.52 "
2018-09-29," $4,782.38 "
2018-09-30," $6,305.31 "
2018-10-01," $7,656.13 "
2018-10-02," $7,275.55 "
2018-10-03," $7,097.06 "
2018-10-04," $10,885.56 "
2018-10-05," $6,737.54 "
2018-10-06," $4,544.85 "
2018-10-07," $4,792.65 "
2018-10-08," $6,751.21 "
2018-10-09," $16,079.73 "
2018-10-10," $6,518.09 "
2018-10-11," $13,991.88 "
2018-10-12," $4,860.09 "
2018-10-13," $1,721.65 "
2018-10-14," $2,106.53 "
2018-10-15," $10,929.39 "
2018-10-16," $5,986.86 "
2018-10-17," $5,541.86 "
2018-10-18," $6,182.05 "
2018-10-19, $-   
2018-10-20," $1,118.60 "
2018-10-21," $2,957.45 "
2018-10-22," $8,689.36 "
2018-10-23," $6,489.61 "
2018-10-24," $5,818.74 "
2018-10-25," $4,410.90 "
2018-10-26," $3,851.88 "
2018-10-27, $-   
2018-10-28," $1,644.85 "
2018-10-29," $4,670.35 "
2018-10-30," $6,428.85 "
2018-10-31," $1,962.69 "
